{"cameraMode":{"drawMode":0,"name":"Shaded","section":"Shading Mode"},"sceneLighting":true,"audioPlay":false,"sceneViewState":{"showFog":true,"showMaterialUpdate":false,"showSkybox":false,"showFlares":true,"showImageEffects":true,"showParticleSystems":true},"in2DMode":false,"pivot":{"x":7.715743064880371,"y":0.7292675971984863,"z":-0.4068183898925781},"rotation":{"x":0.15686646103858949,"y":0.621026337146759,"z":-0.12867702543735505,"w":0.7570747137069702},"size":74.29501342773438,"orthographic":false}